insert into commit_log(commit_time, committer_email, committer_name, id, repo_id, short_msg, system_id) values(1594799073000, '15770165+superPershing@users.noreply.github.com', 'superPershing', 'c8d9f30a2beb2c674434e705aeec8aab6fb78bf3', '0', 'for group test', 0);
insert into commit_log(commit_time, committer_email, committer_name, id, repo_id, short_msg, system_id) values(1594036290000, '15770165+superPershing@users.noreply.github.com', 'superPershing', 'b81c8482f65e31fcdcb0bcc26a04a574ff64cceb', '0', 'only leave java codes', 0);insert into change_entry(change_mode, cognitive_complexity, commit_id, commit_time, new_path, old_path, system_id) values('ADD', 0, 'c8d9f30a2beb2c674434e705aeec8aab6fb78bf3', 1594799073000, '.gitignore', '/dev/null', 0);
insert into change_entry(change_mode, cognitive_complexity, commit_id, commit_time, new_path, old_path, system_id) values('ADD', 4, 'b81c8482f65e31fcdcb0bcc26a04a574ff64cceb', 1594036290000, 'dubbo-samples-zookeeper/src/main/java/org/apache/dubbo/samples/action/GreetingServiceConsumer.java', '/dev/null', 0);
insert into change_entry(change_mode, cognitive_complexity, commit_id, commit_time, new_path, old_path, system_id) values('ADD', 4, 'b81c8482f65e31fcdcb0bcc26a04a574ff64cceb', 1594036290000, 'dubbo-samples-zookeeper/src/main/java/org/apache/dubbo/samples/action/GreetingServiceConsumer1.java', '/dev/null', 0);
insert into change_entry(change_mode, cognitive_complexity, commit_id, commit_time, new_path, old_path, system_id) values('ADD', 4, 'b81c8482f65e31fcdcb0bcc26a04a574ff64cceb', 1594036290000, 'dubbo-samples-zookeeper/src/main/java/org/apache/dubbo/samples/action/GreetingServiceConsumer2.java', '/dev/null', 0);
insert into change_entry(change_mode, cognitive_complexity, commit_id, commit_time, new_path, old_path, system_id) values('ADD', 4, 'b81c8482f65e31fcdcb0bcc26a04a574ff64cceb', 1594036290000, 'dubbo-samples-zookeeper/src/main/java/org/apache/dubbo/samples/action/GreetingServiceConsumer3.java', '/dev/null', 0);
insert into change_entry(change_mode, cognitive_complexity, commit_id, commit_time, new_path, old_path, system_id) values('ADD', 4, 'b81c8482f65e31fcdcb0bcc26a04a574ff64cceb', 1594036290000, 'dubbo-samples-zookeeper/src/main/java/org/apache/dubbo/samples/action/GreetingServiceConsumer4.java', '/dev/null', 0);
insert into change_entry(change_mode, cognitive_complexity, commit_id, commit_time, new_path, old_path, system_id) values('ADD', 4, 'b81c8482f65e31fcdcb0bcc26a04a574ff64cceb', 1594036290000, 'dubbo-samples-zookeeper/src/main/java/org/apache/dubbo/samples/action/GreetingServiceConsumer5.java', '/dev/null', 0);
insert into change_entry(change_mode, cognitive_complexity, commit_id, commit_time, new_path, old_path, system_id) values('ADD', 4, 'b81c8482f65e31fcdcb0bcc26a04a574ff64cceb', 1594036290000, 'dubbo-samples-zookeeper/src/main/java/org/apache/dubbo/samples/action/GreetingServiceConsumer6.java', '/dev/null', 0);
insert into change_entry(change_mode, cognitive_complexity, commit_id, commit_time, new_path, old_path, system_id) values('ADD', 4, 'b81c8482f65e31fcdcb0bcc26a04a574ff64cceb', 1594036290000, 'dubbo-samples-zookeeper/src/main/java/org/apache/dubbo/samples/action/GreetingServiceConsumer8.java', '/dev/null', 0);
insert into change_entry(change_mode, cognitive_complexity, commit_id, commit_time, new_path, old_path, system_id) values('ADD', 4, 'b81c8482f65e31fcdcb0bcc26a04a574ff64cceb', 1594036290000, 'dubbo-samples-zookeeper/src/main/java/org/apache/dubbo/samples/action/GreetingServiceConsumer9.java', '/dev/null', 0);
insert into change_entry(change_mode, cognitive_complexity, commit_id, commit_time, new_path, old_path, system_id) values('DELETE', 0, 'c8d9f30a2beb2c674434e705aeec8aab6fb78bf3', 1594799073000, '/dev/null', 'dubbo-samples-zookeeper/src/main/java/org/apache/dubbo/samples/action/GreetingServiceConsumer.java', 0);
insert into change_entry(change_mode, cognitive_complexity, commit_id, commit_time, new_path, old_path, system_id) values('ADD', 8, 'b81c8482f65e31fcdcb0bcc26a04a574ff64cceb', 1594036290000, 'README.md', '/dev/null', 0);
insert into change_entry(change_mode, cognitive_complexity, commit_id, commit_time, new_path, old_path, system_id) values('MODIFY', 0, 'c8d9f30a2beb2c674434e705aeec8aab6fb78bf3', 1594799073000, 'README.md', 'README.md', 0);

insert into cognitive_complexity(id, commit_id, changed_cognitive_complexity, system_id, path) values('1', 'b81c8482f65e31fcdcb0bcc26a04a574ff64cceb', 4, 0, 'dubbo-samples-zookeeper/src/main/java/org/apache/dubbo/samples/action/GreetingServiceConsumer.java');
insert into cognitive_complexity(id, commit_id, changed_cognitive_complexity, system_id, path) values('2', 'c8d9f30a2beb2c674434e705aeec8aab6fb78bf3', 4, 0, 'dubbo-samples-zookeeper/src/main/java/org/apache/dubbo/samples/action/GreetingServiceConsumer.java');
insert into cognitive_complexity(id, commit_id, changed_cognitive_complexity, system_id, path) values('3', 'b81c8482f65e31fcdcb0bcc26a04a574ff64cceb', 4, 0, 'dubbo-samples-zookeeper/src/main/java/org/apache/dubbo/samples/action/GreetingServiceConsumer1.java');
insert into cognitive_complexity(id, commit_id, changed_cognitive_complexity, system_id, path) values('4', 'b81c8482f65e31fcdcb0bcc26a04a574ff64cceb', 4, 0, 'dubbo-samples-zookeeper/src/main/java/org/apache/dubbo/samples/action/GreetingServiceConsumer2.java');
insert into cognitive_complexity(id, commit_id, changed_cognitive_complexity, system_id, path) values('5', 'b81c8482f65e31fcdcb0bcc26a04a574ff64cceb', 4, 0, 'dubbo-samples-zookeeper/src/main/java/org/apache/dubbo/samples/action/GreetingServiceConsumer3.java');
insert into cognitive_complexity(id, commit_id, changed_cognitive_complexity, system_id, path) values('6', 'b81c8482f65e31fcdcb0bcc26a04a574ff64cceb', 4, 0, 'dubbo-samples-zookeeper/src/main/java/org/apache/dubbo/samples/action/GreetingServiceConsumer4.java');
insert into cognitive_complexity(id, commit_id, changed_cognitive_complexity, system_id, path) values('7', 'b81c8482f65e31fcdcb0bcc26a04a574ff64cceb', 4, 0, 'dubbo-samples-zookeeper/src/main/java/org/apache/dubbo/samples/action/GreetingServiceConsumer5.java');
insert into cognitive_complexity(id, commit_id, changed_cognitive_complexity, system_id, path) values('8', 'b81c8482f65e31fcdcb0bcc26a04a574ff64cceb', 4, 0, 'dubbo-samples-zookeeper/src/main/java/org/apache/dubbo/samples/action/GreetingServiceConsumer6.java');
insert into cognitive_complexity(id, commit_id, changed_cognitive_complexity, system_id, path) values('9', 'b81c8482f65e31fcdcb0bcc26a04a574ff64cceb', 4, 0, 'dubbo-samples-zookeeper/src/main/java/org/apache/dubbo/samples/action/GreetingServiceConsumer8.java');
insert into cognitive_complexity(id, commit_id, changed_cognitive_complexity, system_id, path) values('10', 'b81c8482f65e31fcdcb0bcc26a04a574ff64cceb', 4, 0, 'dubbo-samples-zookeeper/src/main/java/org/apache/dubbo/samples/action/GreetingServiceConsumer9.java');